FileID,OM,Mean 01,Mean 02,Mean 03,Mean 04,Mean 05,Mean 06,Mean 07,Mean 08,Mean 09,Mean 10,Mean 11,Mean 12,Mean 13,Mean 14,Mean 15,Mean 16,Mean 17,Mean 18,Mean 19,Mean 20,Mean 21,Mean 22,Mean 23,Mean 24,Mean 25,Mean 26,Mean 27,Mean 28,Mean 29,Mean 30,Mean 31,Mean 32,Mean 33,Mean 34,Mean 35,StdDev 01,StdDev 02,StdDev 03,StdDev 04,StdDev 05,StdDev 06,StdDev 07,StdDev 08,StdDev 09,StdDev 10,StdDev 11,StdDev 12,StdDev 13,StdDev 14,StdDev 15,StdDev 16,StdDev 17,StdDev 18,StdDev 19,StdDev 20,StdDev 21,StdDev 22,StdDev 23,StdDev 24,StdDev 25,StdDev 26,StdDev 27,StdDev 28,StdDev 29,StdDev 30,StdDev 31,StdDev 32,StdDev 33,StdDev 34,StdDev 35,Median 01,Median 02,Median 03,Median 04,Median 05,Median 06,Median 07,Median 08,Median 09,Median 10,Median 11,Median 12,Median 13,Median 14,Median 15,Median 16,Median 17,Median 18,Median 19,Median 20,Median 21,Median 22,Median 23,Median 24,Median 25,Median 26,Median 27,Median 28,Median 29,Median 30,Median 31,Median 32,Median 33,Median 34,Median 35
205251,13.5,3.187766,3.68659,4.047245,4.579875,4.880189,5.187081,5.841168,5.871522,6.892184,7.596567,8.705247,9.111907,9.759576,10.94521,14.62411,18.20054,19.44543,22.3972,23.42569,19.10962,17.08389,16.81683,16.69017,17.39908,22.8953,22.40863,20.92399,25.98196,24.02422,21.84302,28.56229,33.5779,47.36992,24.34277,24.0529,0.9400421,1.269873,1.487288,1.7852,1.9236,2.055531,2.306808,2.257197,2.665271,2.926251,3.349917,3.487557,3.711002,4.112326,5.21868,6.13306,6.376514,6.992836,7.171734,1.328099,0.6800697,0.5642392,0.5360634,0.7269923,1.654831,1.857867,1.607186,2.082853,1.807557,1.471894,3.872373,5.04853,2.008292,1.06159,1.618083,3.104333,3.643098,3.975529,4.481758,4.755553,5.060478,5.729187,5.846671,6.814819,7.550534,8.692752,9.197104,9.92482,11.06555,14.92872,18.84784,20.18408,23.11659,24.2359,18.74767,16.93805,16.70661,16.38057,16.88053,22.73452,21.87302,20.36333,25.3774,23.69034,21.48566,28.59232,33.64448,46.99519,24.33077,23.86674
205252,13.5,3.142342,3.616215,3.961146,4.470128,4.762488,5.061131,5.701381,5.736935,6.739377,7.426721,8.51658,8.922276,9.562512,10.73163,14.37924,17.92212,19.15365,22.07611,23.09297,18.74379,17.04924,16.79255,16.66841,17.35893,22.79522,22.29185,20.82267,25.84158,23.91157,21.74855,28.3037,33.2417,47.24736,24.27906,23.97044,0.8674957,1.12559,1.289363,1.534439,1.655352,1.77889,2.037583,1.985256,2.436238,2.70565,3.142014,3.278145,3.517304,3.957462,5.180933,6.215644,6.50023,7.210232,7.418487,1.005218,0.649811,0.5494242,0.5219203,0.6916268,1.491261,1.533813,1.186939,1.644808,1.506105,1.280231,3.531595,4.629681,2.021759,1.024746,1.59923,3.058302,3.612207,3.942903,4.540193,4.822147,5.084022,5.820653,5.835365,6.861373,7.493921,8.660171,9.162159,9.796584,10.99241,14.85034,18.70354,20.10144,23.09213,24.20629,18.60464,16.75394,16.60277,16.21184,17.29625,22.50441,22.28147,20.58624,25.33097,23.7943,21.23532,28.02816,33.14782,47.21833,23.98878,23.83972
205253,13.5,3.220943,3.71188,4.06966,4.599125,4.900616,5.211713,5.879071,5.912705,6.966988,7.678558,8.819354,9.246371,9.909316,11.13295,14.95353,18.6684,19.95593,23.03146,24.10218,19.12255,17.08588,16.827,16.6992,17.40944,22.89679,22.41374,20.90559,25.96718,24.00747,21.84733,28.63575,33.67207,47.37069,24.35783,24.08575,0.8105356,1.070845,1.23648,1.474425,1.587762,1.703046,1.941864,1.894915,2.307424,2.554482,2.948225,3.074884,3.283658,3.661816,4.711287,5.551001,5.772765,6.349478,6.51538,1.131899,0.5894102,0.5188863,0.4975501,0.6511828,1.30265,1.4032,1.101812,1.549492,1.424009,1.207907,3.309779,4.326267,1.939932,0.9731182,1.542903,3.154011,3.648346,4.02183,4.584486,4.82117,5.159635,5.804699,5.927444,6.934563,7.593088,8.820618,9.242073,9.974617,11.24506,15.28002,19.07281,20.43956,23.75904,24.74952,18.87665,16.56622,16.78363,16.18062,17.32802,22.75817,22.08118,20.28192,25.49631,23.79961,21.22771,28.58788,33.1818,47.02306,23.98453,23.75836
206531,2.4,7.903598,10.25021,11.69269,13.86562,14.89881,15.88192,17.81589,17.79408,20.8035,22.64385,24.83427,25.59718,26.60514,28.1717,32.46212,35.5394,36.37985,38.42025,39.20917,22.23069,18.86714,18.18473,17.89334,19.79985,28.02371,28.2597,25.02046,32.25006,29.62093,26.92352,46.66505,56.92692,52.29431,27.08071,28.8087,2.028931,2.89251,3.379756,4.043281,4.324018,4.584584,5.06507,4.985992,5.75665,6.11902,6.48568,6.699698,6.873839,7.081008,7.818523,8.237215,8.290235,8.496485,8.553452,1.727263,0.9187202,0.7465298,0.6883878,1.134134,2.342554,2.626445,1.903414,2.692905,2.475587,2.222895,7.38791,9.144131,2.494344,1.372664,2.207108,8.053855,10.57802,12.19491,14.57231,15.70947,16.66734,18.74619,18.6697,22.00545,23.97239,26.16243,27.09424,28.03813,29.70345,34.23312,37.51392,38.17216,40.33961,40.95259,21.99652,18.5743,17.81773,17.7081,19.71142,27.82348,28.15154,25.21462,32.19106,29.91846,27.17972,47.98724,58.52629,52.49865,26.79237,28.89512
206532,2.4,8.387898,10.92841,12.50889,14.91365,16.06412,17.16442,19.33366,19.28854,22.74767,24.80254,27.25605,28.17072,29.32038,31.09137,36.08292,39.64455,40.6009,42.97592,43.88512,22.62107,19.1797,18.4393,18.12242,20.18209,28.95615,29.28438,25.75782,33.30768,30.58767,27.79711,49.51719,60.46856,53.30127,27.66946,29.77348,1.294314,1.898036,2.23217,2.666572,2.850405,3.021397,3.334735,3.294549,3.796488,4.032907,4.263773,4.417283,4.53459,4.677885,5.201002,5.510702,5.55947,5.691396,5.72184,1.301588,0.6782663,0.5798649,0.5462578,0.8100824,1.679843,1.880997,1.403002,1.989681,1.845867,1.627067,4.988584,6.115984,2.00017,1.075285,1.837323,8.463415,11.12669,12.70169,15.23372,16.372,17.56303,19.86733,19.73789,23.46015,25.51965,27.94482,28.94698,30.18044,31.9999,37.01915,40.74698,41.71488,44.01689,45.08116,22.52708,19.07925,18.39898,17.98568,20.14393,28.63066,29.17678,25.34175,33.15144,30.47081,27.54182,50.25858,61.13637,53.09432,27.5661,29.67252
206533,2.4,8.177062,10.62461,12.14028,14.43428,15.53033,16.57551,18.63636,18.59946,21.84563,23.82379,26.1662,27.01571,28.10359,29.78681,34.48587,37.85736,38.76487,41.02339,41.88712,22.49161,19.03872,18.32421,18.01709,20.00344,28.54134,28.79661,25.41375,32.77924,30.13909,27.39207,48.18767,58.8229,52.87935,27.41277,29.38906,1.582811,2.301189,2.698201,3.22026,3.438222,3.640769,4.01132,3.958533,4.550277,4.821684,5.090354,5.264864,5.396409,5.552042,6.127743,6.455523,6.49825,6.631546,6.659374,1.499296,0.7857956,0.6589004,0.6139399,0.9520261,1.916349,2.144433,1.57564,2.222003,2.071306,1.843276,5.887898,7.231168,2.179028,1.19172,2.028312,8.138394,10.6901,12.31056,14.70391,15.91842,16.98084,19.12743,19.06647,22.49958,24.56081,26.86206,27.8042,28.91083,30.65229,35.40266,38.82746,39.72628,42.02729,42.85722,22.42169,18.65002,18.33827,17.89504,19.59705,28.23829,28.56272,25.30185,32.64238,30.21726,27.5097,48.94107,59.34309,52.67317,27.47586,29.0999
21514,5.7,6.160091,8.037985,9.404613,11.45413,12.405,13.42088,15.59597,15.5823,18.78739,20.48317,22.6878,23.47846,24.56993,26.40799,31.54937,35.11943,36.12806,38.46107,39.31003,21.59447,18.71486,18.07004,17.80495,19.47283,27.72783,28.048,25.06889,32.08243,29.44149,26.63737,44.56745,54.32316,52.13918,27.13838,28.88678,1.410818,2.096991,2.562615,3.220726,3.490449,3.771174,4.336309,4.269123,5.104515,5.441466,5.808125,6.010577,6.192056,6.437935,7.324137,7.776469,7.849845,8.057508,8.103324,1.666956,0.9452775,0.7799969,0.7459685,1.107679,2.875508,4.036232,3.733747,4.548474,4.04293,3.109324,7.143198,9.001088,2.905997,2.36375,3.832989,6.168796,8.100752,9.461889,11.70687,12.63963,13.72736,16.04567,15.98033,19.25131,21.08402,23.37127,24.19654,25.33331,27.17321,32.72582,36.31385,37.40627,39.92074,40.56449,21.46474,18.72926,17.91192,17.31309,19.12403,27.33025,27.92951,24.8616,31.89302,29.12564,26.55682,44.95992,55.17767,51.86622,26.97972,28.62461
21538,4.8,6.223343,8.115196,9.355501,11.19342,11.97752,12.80927,14.59695,14.55227,17.3245,18.75218,20.53828,21.08204,21.90378,23.21378,26.54693,28.66569,29.22978,30.54715,31.07804,21.36602,18.30483,17.73077,17.48361,19.05249,26.32366,26.44502,23.74906,30.36625,27.90337,25.37057,41.52132,50.52626,50.49069,26.10656,27.21599,1.188862,1.795693,2.161822,2.658464,2.843688,3.031277,3.408393,3.341147,3.936915,4.170406,4.412264,4.548279,4.670713,4.807293,5.3464,5.630288,5.656765,5.797612,5.826712,1.354839,0.695003,0.5900056,0.5544206,0.8198324,1.614553,1.826868,1.378894,1.962317,1.789625,1.570337,4.977787,6.259505,2.036386,1.053802,1.732222,6.238575,8.179533,9.393293,11.30435,12.11085,12.95188,14.81686,14.6676,17.65097,19.09174,21.0194,21.63788,22.41047,23.83951,27.17153,29.26443,29.92595,31.17093,31.6785,21.27456,17.96114,17.47813,17.08484,18.73805,26.12693,26.2578,23.59217,30.37491,27.50699,24.93163,41.90155,50.85096,50.36134,25.81299,27.08947
22291,5.9,7.474792,8.951621,9.818721,11.08189,11.73743,12.34413,13.46065,13.41113,14.81715,15.91916,17.54918,18.12568,18.98589,20.43891,24.28468,27.17492,27.9968,29.80756,30.45442,21.26337,18.13103,17.61223,17.38987,18.87006,25.91117,25.74533,23.28753,29.58495,27.20779,24.68299,38.47871,46.56522,50.44895,25.96612,26.62242,2.458345,3.174977,3.561615,4.093277,4.335433,4.559826,4.959705,4.860693,5.417475,5.763644,6.244852,6.464457,6.727843,7.111204,8.27128,9.027381,9.172494,9.579429,9.686446,1.73938,0.9284632,0.7628921,0.7072098,1.139899,2.348111,2.568465,1.901345,2.674069,2.453091,2.163086,6.952037,8.838564,2.649678,1.446647,2.236384,7.495727,9.183017,9.989446,11.45944,12.15741,12.75391,13.90819,13.81917,15.37497,16.56159,18.23716,18.77945,19.68279,21.31676,25.24859,28.14208,28.90201,30.92445,31.4159,21.17685,17.86141,17.58181,16.94968,18.5751,25.71402,25.88257,23.06874,29.53278,26.97423,24.82808,38.6584,47.17299,50.30114,26.00446,26.43943
22448,14,4.098177,4.569407,4.849298,5.221197,5.4688,5.731478,6.273855,6.284268,7.042126,7.583436,8.735555,9.391229,10.43579,12.29296,17.64651,22.26473,23.76225,27.19916,28.33531,19.56108,17.37363,17.02083,16.87922,17.63225,23.98259,23.28142,21.61351,26.76655,24.63953,22.28614,29.01758,34.14401,48.82662,25.06545,24.74678,0.9212765,1.203349,1.33925,1.514798,1.599542,1.685773,1.852916,1.81479,2.048489,2.200036,2.496177,2.633022,2.858833,3.228081,4.096949,4.592634,4.682673,4.88906,4.927686,1.120796,0.564456,0.4950297,0.4774649,0.6058276,1.293306,1.350619,1.075476,1.492568,1.367878,1.128013,2.859913,3.755884,1.831146,0.9201584,1.460071,3.901782,4.275819,4.57198,4.854742,5.09826,5.390955,5.87519,5.918839,6.577477,7.180697,8.170591,8.858618,9.911026,11.80029,17.11492,21.78553,23.2126,26.63337,27.96548,19.27463,17.23738,16.5435,16.51893,17.43759,23.32555,22.88281,21.49781,26.60605,24.40849,21.8712,28.52444,33.26582,48.394,24.88835,24.71939
22577,4.5,5.026315,6.2113,7.016596,8.253492,8.886828,9.575145,11.0493,11.02576,13.27027,14.5957,16.43296,17.07845,18.06128,19.67925,23.90865,27.01273,27.88886,30.04634,30.86267,20.41476,17.95114,17.51408,17.30756,18.53418,25.50608,25.39131,23.07141,29.17115,26.84604,24.3646,37.17636,44.92287,49.98339,25.79316,26.49023,1.20566,1.669171,1.947343,2.357053,2.537273,2.728184,3.12311,3.051001,3.675732,3.985217,4.360366,4.528319,4.724452,4.986987,5.76717,6.181995,6.235299,6.455299,6.508301,1.354214,0.7209842,0.6190111,0.5830749,0.8339985,1.69613,1.871591,1.426922,2.009412,1.831167,1.592972,4.885863,6.236515,2.187969,1.131229,1.791735,4.886004,6.107907,6.949092,8.158399,8.891636,9.586115,11.01537,11.09496,13.4109,14.76774,16.70239,17.1965,18.36588,20.02102,24.30139,27.62936,28.47507,30.5781,31.57171,20.25034,17.54377,17.18311,17.00078,18.25839,25.03844,25.29021,23.0294,28.97328,26.67705,24.06342,36.88322,45.21718,49.75918,25.41961,26.37713
23304,14.7,4.44183,5.393009,6.042869,6.992232,7.601406,8.237309,9.490283,9.469603,11.32599,12.4634,14.59995,15.61582,17.21483,19.84748,26.49806,31.02739,32.2794,35.07257,36.00813,20.41996,18.1522,17.60173,17.39278,18.46247,26.64793,26.11472,23.69715,29.67301,27.22483,24.50238,35.77691,43.08086,51.35312,26.48882,27.07968,0.6797364,0.9680489,1.13563,1.374864,1.506523,1.643074,1.896434,1.845825,2.23365,2.437661,2.789316,2.97454,3.220291,3.546934,4.423143,4.901294,4.983913,5.180275,5.215217,1.10483,0.5837172,0.5082937,0.4882839,0.6153356,1.474515,1.541254,1.207907,1.647511,1.506123,1.255772,3.247218,4.175344,1.946548,1.009893,1.608202,4.39729,5.286391,5.959272,6.917439,7.453966,8.097051,9.422041,9.424546,11.16398,12.38409,14.63189,15.61982,17.21472,19.87702,26.77454,31.24944,32.58338,35.25382,36.19442,20.29331,17.99131,17.13298,16.98293,18.44273,26.17334,25.93928,23.24018,29.29524,27.18371,24.33346,35.75025,42.86981,51.18622,26.43372,27.12374
23727,4.5,7.738242,9.758408,11.05138,12.99313,13.87466,14.7698,16.6181,16.57946,19.02035,20.40737,22.20316,22.81614,23.6645,25.07701,28.95391,31.60209,32.24089,33.82511,34.46659,21.87669,18.54208,17.9349,17.67158,19.44891,27.07199,27.33506,24.42355,31.32314,28.7318,26.06788,43.67097,53.2607,51.4764,26.67398,27.99148,1.676916,2.376436,2.772292,3.288477,3.490934,3.69032,4.076821,4.018679,4.546843,4.778099,5.022432,5.186453,5.322747,5.465602,6.076621,6.416037,6.445653,6.574409,6.598886,1.484905,0.7847886,0.6578681,0.6134539,0.9426333,2.006402,2.32905,1.816871,2.391185,2.142811,1.83615,5.727998,7.136813,2.352909,1.344974,2.052863,7.706113,9.621496,11.03072,13.01413,13.85814,14.90611,16.73845,16.76819,19.20362,20.73102,22.60359,23.22892,24.16733,25.42164,29.46022,32.30928,32.7213,34.33206,35.0794,21.76018,18.29337,17.57215,17.53862,19.18838,27.1102,27.04967,24.28488,31.3037,28.30709,26.07996,43.68021,53.23517,51.34595,26.66543,27.92124
24290,4.5,6.934152,8.490944,9.438051,10.78196,11.49232,12.17871,13.50996,13.47873,15.31392,16.54648,18.3838,19.08071,20.1942,22.04438,27.18511,31.48733,32.8263,35.98653,37.08965,21.57344,18.46839,17.7697,17.53917,19.00833,26.85248,26.33054,23.7402,30.23617,27.74723,25.11045,39.38124,47.72911,51.42752,26.43986,27.22841,1.595084,2.177063,2.494123,2.918103,3.110937,3.293975,3.63537,3.529149,4.068768,4.326671,4.681784,4.874179,5.08954,5.381489,6.318532,6.940467,7.058578,7.430505,7.527329,1.536733,0.8140041,0.6462619,0.6064893,0.9059254,1.990686,2.070385,1.583527,2.251791,2.060185,1.76134,5.275225,6.640419,2.261932,1.198785,1.92518,6.901149,8.522757,9.527089,10.92278,11.69478,12.34147,13.69232,13.66066,15.63429,16.85375,18.85371,19.55342,20.77538,22.78309,28.14757,32.54337,33.90801,37.00162,38.12912,21.51184,18.37003,17.55591,17.5055,18.71879,26.82678,26.09806,23.60171,29.91052,27.46511,24.72326,39.42076,48.02833,51.24738,26.44758,26.86599
24387,12.7,3.899823,4.51927,4.926404,5.496464,5.830885,6.171715,6.874576,6.888937,7.817215,8.688701,10.02699,10.59712,11.53532,13.33726,19.00103,23.84683,25.29835,28.5963,29.69362,19.56663,17.43937,17.10927,16.95833,17.77851,23.90473,23.42875,21.69839,26.99377,24.92879,22.6024,30.38916,35.96463,48.56632,24.99877,24.97724,1.192244,1.540822,1.729138,1.975757,2.092924,2.206868,2.421144,2.376527,2.646331,2.894308,3.253841,3.395955,3.618161,4.010052,5.124362,5.881931,6.040167,6.471093,6.582259,1.957139,0.9410838,0.6458583,0.5856633,0.7722931,2.255381,2.321058,1.841545,2.37276,2.097844,1.649162,3.945218,5.134033,2.160095,1.209688,1.870636,3.769089,4.298858,4.722803,5.340549,5.699653,5.98354,6.679227,6.707856,7.666445,8.538805,9.892758,10.43243,11.40429,13.32837,19.10143,24.24621,25.72901,29.01677,30.1389,19.13343,16.83105,16.79121,16.65883,17.71851,23.5889,22.86327,21.22619,26.61168,24.35305,22.11687,30.02169,35.49604,48.52017,24.87795,24.64148
244701,2.5,4.589175,5.766633,6.648529,7.996186,8.686202,9.451775,11.12083,11.10144,13.69023,15.13317,17.23187,17.99994,19.1519,20.99138,25.56734,28.85275,29.83781,32.27429,33.16234,20.43152,18.07671,17.59714,17.38172,18.61218,25.91588,25.79862,23.35664,29.54307,27.20952,24.69163,38.09959,46.11557,50.2403,25.97567,26.88372,0.912715,1.31516,1.567094,1.933745,2.095217,2.265406,2.611503,2.563721,3.116958,3.377983,3.683203,3.835651,3.99151,4.170484,4.724529,5.022171,5.072093,5.235767,5.268378,1.212361,0.6413618,0.5530269,0.5255891,0.7177001,1.577269,1.731789,1.338905,1.887522,1.73725,1.477448,4.23431,5.399395,1.916624,0.9998412,1.685974,4.441397,5.579301,6.376736,7.820882,8.478401,9.227167,10.90472,10.85163,13.55326,14.89366,17.12476,17.78731,19.11035,20.98042,25.67062,28.84782,29.81968,32.28661,33.31236,20.11488,17.67233,17.42248,17.18858,18.35136,25.59755,25.36894,23.20642,29.01607,27.04201,24.49971,37.87818,45.85055,49.85854,25.83342,26.6172
244702,2.5,4.42036,5.562504,6.420656,7.728757,8.401956,9.151448,10.78695,10.77718,13.31754,14.71851,16.80707,17.57835,18.72092,20.5564,25.11806,28.40986,29.40159,31.84044,32.72881,20.32917,18.03269,17.55783,17.34548,18.54391,25.7561,25.63111,23.23294,29.35192,27.03827,24.54442,37.61903,45.50686,50.02233,25.84162,26.68402,0.8924093,1.295483,1.549525,1.918006,2.078929,2.24871,2.594311,2.535056,3.08412,3.341237,3.654173,3.810522,3.970343,4.159276,4.736584,5.055736,5.108789,5.29143,5.327074,1.154732,0.6318786,0.5484849,0.5207479,0.7057412,1.49078,1.638274,1.265937,1.762485,1.588811,1.368055,4.093135,5.200398,2.021641,1.007311,1.551067,4.231268,5.414553,6.199761,7.393853,8.166593,8.916687,10.45845,10.49221,12.94598,14.51476,16.52084,17.32673,18.47692,20.3065,25.11634,28.21782,29.26527,31.76666,32.64479,19.99514,17.93539,17.42086,17.10157,18.0005,25.29173,25.15944,23.10814,29.1985,26.88054,23.90921,37.31341,44.84615,49.7039,25.38373,26.55725
244703,2.5,4.42036,5.562504,6.420656,7.728757,8.401956,9.151448,10.78695,10.77718,13.31754,14.71851,16.80707,17.57835,18.72092,20.5564,25.11806,28.40986,29.40159,31.84044,32.72881,20.32917,18.03269,17.55783,17.34548,18.54391,25.7561,25.63111,23.23294,29.35192,27.03827,24.54442,37.61903,45.50686,50.02233,25.84162,26.68402,0.8924093,1.295483,1.549525,1.918006,2.078929,2.24871,2.594311,2.535056,3.08412,3.341237,3.654173,3.810522,3.970343,4.159276,4.736584,5.055736,5.108789,5.29143,5.327074,1.154732,0.6318786,0.5484849,0.5207479,0.7057412,1.49078,1.638274,1.265937,1.762485,1.588811,1.368055,4.093135,5.200398,2.021641,1.007311,1.551067,4.231268,5.414553,6.199761,7.393853,8.166593,8.916687,10.45845,10.49221,12.94598,14.51476,16.52084,17.32673,18.47692,20.3065,25.11634,28.21782,29.26527,31.76666,32.64479,19.99514,17.93539,17.42086,17.10157,18.0005,25.29173,25.15944,23.10814,29.1985,26.88054,23.90921,37.31341,44.84615,49.7039,25.38373,26.55725
25015,13.7,3.422744,3.950778,4.290622,4.772482,5.087546,5.414081,6.06107,6.088188,7.018285,7.691978,8.935219,9.527083,10.44208,12.02718,16.26653,19.67557,20.74924,23.08316,23.86344,19.37744,17.30911,16.95701,16.81084,17.53804,23.97516,23.2744,21.58743,26.73549,24.63904,22.27908,29.19591,34.44757,48.31761,24.80236,24.49923,1.114731,1.424796,1.592573,1.830006,1.948388,2.068282,2.300529,2.249237,2.616163,2.852793,3.238426,3.391367,3.632244,4.032232,4.993754,5.618933,5.745748,6.053619,6.11966,1.176895,0.6161562,0.5347903,0.5098937,0.6899365,1.511518,1.565452,1.201266,1.662657,1.527101,1.302485,3.662622,4.786978,2.067016,1.031891,1.590652,3.21909,3.776261,4.001085,4.423426,4.81675,5.168613,5.73474,5.809911,6.670928,7.397407,8.658899,9.19758,10.19048,11.7676,16.15497,19.75601,20.94093,23.30744,24.01638,19.1061,16.81966,16.45037,16.48443,17.36236,23.74935,23.00244,21.54097,26.41064,24.35581,21.73803,28.55705,33.82999,48.20673,24.63921,24.3104
25972,2.7,4.470715,5.600175,6.41902,7.667501,8.337379,9.082153,10.75324,10.73906,13.88963,15.65268,18.08075,19.03559,20.41743,22.53026,27.4803,30.51789,31.39966,33.70073,34.5715,20.53303,18.18065,17.66834,17.44384,18.63034,26.44627,26.27146,23.70434,30.0375,27.66173,25.05648,39.07036,47.33522,50.70742,26.16965,27.30559,0.8790941,1.296425,1.557027,1.934608,2.10681,2.292179,2.680413,2.630069,3.340901,3.681884,4.058635,4.254127,4.458625,4.684775,5.300513,5.555677,5.587033,5.710032,5.730219,1.258413,0.6789668,0.5849161,0.5532238,0.7556606,1.605543,1.768232,1.362226,1.891508,1.712426,1.478889,4.511018,5.706896,2.11973,1.086958,1.720375,4.30233,5.403976,6.234465,7.41776,8.12607,8.912347,10.50206,10.47845,13.68968,15.50635,17.92339,18.96719,20.39971,22.55351,27.53213,30.67916,31.47141,33.94411,34.71664,20.06077,17.73893,17.23391,17.03531,18.39741,26.0631,25.70938,23.49872,29.45776,27.18649,24.86417,38.52485,46.90404,50.42864,25.99212,26.93012
27030,12,4.990147,6.123525,6.845446,7.891628,8.411183,8.941577,10.00673,9.995718,11.42986,12.44696,13.95803,14.46851,15.2482,16.69396,20.93906,24.44659,25.53542,28.06241,28.94927,20.28973,17.76188,17.34978,17.16306,18.28976,25.07176,24.90974,22.78883,28.64015,26.29459,23.78306,34.70576,41.72005,49.43917,25.5134,25.82644,1.639394,2.227405,2.578354,3.074408,3.285426,3.505145,3.940798,3.854577,4.492477,4.863004,5.350722,5.530143,5.768971,6.147091,7.243134,8.007668,8.176116,8.675755,8.817633,1.538281,0.8547431,0.7010648,0.6533449,0.9842852,2.294118,2.508002,1.930423,2.667196,2.402333,2.036453,6.048149,7.792273,2.489321,1.358995,2.071975,4.883964,5.955845,6.697349,7.76828,8.159435,8.816499,9.777965,9.816649,11.1561,12.31628,13.90692,14.41408,15.19941,16.7473,21.45172,25.12133,26.46757,28.97315,29.99997,20.19317,17.68707,16.88268,16.95361,18.11627,24.76241,24.65034,22.23394,27.97429,25.81768,23.61459,34.24244,41.26242,49.36833,25.23128,25.48757
28143,9.2,3.191314,3.589346,3.86429,4.259625,4.517738,4.774503,5.283154,5.310415,6.083883,6.675137,7.726489,8.178937,8.902194,10.25249,14.51191,18.3676,19.61776,22.34859,23.24594,19.03885,17.0763,16.80553,16.68359,17.33215,22.98799,22.38172,20.9188,25.89864,23.90952,21.70058,27.6703,32.37547,47.54327,24.40733,23.97912,0.9645475,1.233015,1.37646,1.577852,1.675838,1.768857,1.945919,1.905998,2.163656,2.343951,2.653584,2.753897,2.929879,3.248153,4.065119,4.645364,4.764826,5.036108,5.092536,1.112057,0.5586845,0.5000913,0.4823261,0.6295291,1.174088,1.259755,0.9962978,1.400033,1.280408,1.085029,2.954625,3.894991,1.87702,0.9129148,1.417884,2.939276,3.321985,3.556985,3.84407,4.188129,4.38151,4.782879,4.879844,5.661458,6.23202,7.27325,7.616714,8.434605,9.807302,14.12833,18.21162,19.49432,22.23029,23.18268,18.79117,16.9944,16.25323,16.27272,16.88257,22.30614,22.18665,20.34607,25.5891,23.42105,21.57546,27.25006,31.30985,47.35371,24.1273,23.95691
28615,11.6,6.004227,7.439095,8.318136,9.564666,10.17961,10.7691,11.93316,11.89272,13.4696,14.54161,16.16673,16.72269,17.60374,19.16262,23.43113,26.65725,27.57375,29.6047,30.30934,20.86497,17.75902,17.26926,17.06265,18.3854,25.10481,24.91273,22.63354,28.73959,26.4201,23.96701,36.54604,44.14795,49.87907,25.65381,26.23353,1.421755,1.994189,2.317246,2.758529,2.947105,3.125693,3.463231,3.377357,3.867756,4.12767,4.488189,4.644592,4.833043,5.106551,5.919811,6.388586,6.454954,6.678458,6.725945,1.443467,0.7468275,0.6184642,0.5821047,0.8626227,1.775378,1.941061,1.490864,2.110019,1.932348,1.655442,4.992858,6.382072,2.132476,1.115012,1.794814,5.918706,7.411021,8.288558,9.684381,10.18408,10.90761,12.16571,11.9448,13.69105,14.70914,16.48111,17.17652,17.91462,19.59698,24.17174,27.41295,28.49146,30.35015,31.1152,20.64859,17.69802,16.86922,16.63122,18.30157,24.67086,24.5055,22.53341,28.73665,25.89975,23.81712,36.60014,44.47464,49.82116,25.39016,26.1759
28966,15.9,5.271984,6.605762,7.482368,8.757601,9.454453,10.11928,11.37464,11.36674,13.10717,14.2472,16.00214,16.59395,17.47561,18.96713,22.80378,25.46188,26.20605,27.78587,28.35302,20.6203,17.91179,17.45242,17.25067,18.50928,25.26031,25.17949,22.92235,28.90965,26.61381,24.15335,36.60059,44.16965,49.52306,25.56114,26.13357,1.660596,2.321798,2.722234,3.29424,3.572246,3.835723,4.309696,4.212235,4.902512,5.26654,5.788218,5.995354,6.248472,6.609526,7.617733,8.184434,8.266006,8.530902,8.592355,1.55123,0.8582685,0.7081453,0.6574131,1.020845,2.199885,2.446591,1.827994,2.545555,2.327106,2.030669,6.42097,8.214226,2.441872,1.338236,2.098628,5.182567,6.510642,7.355211,8.716743,9.40895,10.09988,11.47266,11.46912,13.17249,14.53228,16.45457,17.03664,17.93744,19.67958,23.64559,26.48096,27.24847,28.71555,29.47072,20.42587,17.37313,17.22436,16.86992,18.26029,24.90204,24.83668,22.94678,28.71607,26.13612,23.91864,36.76521,44.563,49.46639,25.39143,25.66392
31277,4.6,7.953724,9.989965,11.40267,13.56935,14.67918,15.7897,17.97557,17.87932,21.46868,23.78979,26.68544,27.80771,29.21487,31.49471,37.86042,42.01162,43.20559,46.21681,47.31026,22.38836,19.29627,18.54251,18.22762,20.13765,29.77608,30.16287,26.58319,33.9639,31.03897,28.0605,49.23202,60.06776,54.3047,28.34673,30.43945,0.8936621,1.267759,1.482582,1.752607,1.867431,1.977882,2.179545,2.171176,2.483376,2.650391,2.79515,2.895199,2.967283,3.032799,3.238403,3.30866,3.31771,3.343188,3.343331,1.26632,0.5980545,0.5361531,0.5147328,0.6726086,1.200348,1.346375,1.061451,1.494284,1.419821,1.212094,3.311251,4.062362,1.764356,0.9377419,1.70445,7.962892,9.95554,11.37192,13.55541,14.76038,15.90167,18.1182,17.94071,21.62767,23.94779,26.93451,28.00412,29.48656,31.73703,38.28853,42.38041,43.60132,46.65228,47.67327,22.23295,19.29162,18.04682,18.17033,19.90408,29.38955,29.82775,26.10334,33.75088,30.89278,27.89129,49.01781,60.25209,54.19827,28.03213,30.26247
31279,2.6,9.348721,12.3645,14.31156,16.96557,18.24348,19.58572,22.27762,22.23872,26.47128,29.07748,32.12762,33.39395,34.99057,37.4002,43.62489,47.59818,48.77357,51.83741,52.99405,23.38369,19.83145,19.01228,18.63926,21.00054,31.08048,31.68629,27.52438,35.76321,32.85819,29.80366,55.52599,67.83137,55.39614,28.96563,31.9362,1.016468,1.49466,1.738669,1.98877,2.090765,2.191176,2.37202,2.369005,2.619444,2.745854,2.872394,2.956024,3.019296,3.098798,3.281908,3.341311,3.341937,3.346918,3.336926,1.284666,0.6253002,0.5579238,0.5309979,0.7146997,1.251709,1.42525,1.129981,1.580199,1.462244,1.259011,3.401538,4.128435,1.862361,0.968847,1.701895,9.272173,12.34422,14.35705,17.10889,18.40169,19.7461,22.43628,22.29126,26.60795,29.19009,32.32467,33.66297,35.22266,37.54543,44.01493,47.87714,49.19727,52.13735,53.30451,23.18695,19.45866,18.49887,18.16482,20.67104,30.83493,31.51984,27.00778,35.27719,32.7719,29.78203,55.78107,67.79034,55.41046,28.777,31.61932
